layer,strip,end,multiplier,mpv,eta,sigma,A
1,0,0,17,419.2380274267951,44.31393687140049,86.20792346622842,1427.8599249624046
1,1,0,14,434.6937616928113,48.72487627175747,83.66972464096199,2539.413286062476
1,2,0,16,404.510611842768,43.8630738687322,75.117016324601,6181.196114585096
1,3,0,15,377.6156616578263,46.833563519610905,55.81650083045134,8406.889916290937
1,4,0,10,460.4811947617093,52.60406583909438,90.45868859002398,4504.040396612416
1,5,0,12,447.5248366438341,46.37992521145974,96.61243016371496,2191.988803222552
1,6,0,12,531.4491739265193,67.06472901643552,124.02551218757174,744.651223682242
1,7,0,9,495.205461465305,61.263343503698735,101.50629694356778,536.0012493006167
2,0,0,17,455.2566824636127,51.692339998288496,95.36630292659504,1322.9536377744396
2,1,0,17,514.7485245468326,68.30224985976177,99.2193083432949,1761.478938720791
2,2,0,15,487.7556437669824,59.71874485677245,89.91896927063813,4749.073040518085
2,3,0,12,457.4893535896785,60.81056288982931,81.75280844595302,6056.364621034206
2,4,0,14,468.2556764689923,60.0639461444272,87.17579418181107,4427.49462362777
2,5,0,15,459.7234379951804,59.93308754262271,90.58097631224472,2366.464045994553
2,6,0,13,554.0799152655248,73.43011188130122,145.52021864291305,693.4121681844923
2,7,0,10,646.1004785117772,65.63727694883875,195.86651935683275,416.83230421710726
3,0,0,12,722.7008846727166,53.91859673979925,152.36879588443273,963.7691955081932
3,1,0,12,699.2194590930712,57.96245283565519,150.24143962308796,1796.0820509107584
3,2,0,8,576.43977863173,56.58356193364484,151.44714277908506,3911.4259848834126
3,3,0,10,622.1234232190045,56.0889949682358,140.83774967822572,4852.955653653872
3,4,0,12,684.279820729314,55.93102666466062,147.87605879749896,3318.4494020756542
3,5,0,14,674.315025308363,56.38857369372607,172.94810636434192,1515.1232320536371
3,6,0,16,623.0558078896989,53.09194288328763,149.43201634628127,734.6338225579545
3,7,0,8,733.6516566023365,56.88351345149139,186.9989308015488,385.0737970670176
4,0,0,12,715.7908158944514,53.83684404914005,178.98773879677032,909.5707747201895
4,1,0,12,542.6677381933858,61.48889166270183,161.3877371214921,1388.7009133999038
4,2,0,10,684.5567078746859,55.141186384484605,161.0026522297722,3533.535136377752
4,3,0,8,641.7007728879942,55.657200389590415,152.55973954133933,4556.946049308351
4,4,0,8,911.3006582103652,60.734642000334254,184.92830950815227,2930.355621002421
4,5,0,10,725.9231706536866,57.83672394553578,157.0433149020974,1852.4118106273809
4,6,0,11,719.862991318064,55.51541987535169,188.35667225631107,675.4037292245822
4,7,0,12,688.5880806758681,54.53905269043111,173.0586040141388,485.4425596758682
5,0,0,22,685.508942615841,54.89526490371248,122.55545738538486,1094.8464931255835
5,1,0,18,742.0144251382901,57.36855338313545,132.484672314737,1949.0248073222635
5,2,0,20,743.1450486385613,61.64633854473233,122.69723325774268,4132.065267619632
5,3,0,22,770.1757282357455,63.43663202133185,122.55110950759077,4970.609834320975
5,4,0,15,636.450364033647,58.99149201116728,112.37264527344136,3948.1721035332807
5,5,0,21,716.8896372681796,63.411040413802674,130.129001299964,1720.3428188948983
5,6,0,20,708.9370147059319,60.34568134094859,136.43104398989976,777.1762068158529
5,7,0,30,673.0492335392623,82.1088776564729,94.70594211085184,489.3730077729564
6,0,0,10,721.5124440315041,57.49142898990491,159.1564910655849,975.2080195602512
6,1,0,21,737.9701179135274,63.16032593686872,142.05724564100612,1508.0016439097424
6,2,0,21,611.7591332457037,76.9932775230904,51.8816872843986,4718.9551260617145
6,3,0,19,827.6941556217272,64.13261099701367,134.8755581577757,4646.294341578559
6,4,0,19,640.0658871122032,70.63981108659779,72.99894988155589,4512.416378715536
6,5,0,19,665.6827411626988,60.423583716830805,126.4800741972145,2146.543502396507
6,6,0,19,684.0346748245632,60.034075183522646,150.98943366848815,787.7909344869569
6,7,0,19,665.1397023379317,52.42778210922349,147.68285612703872,553.2004733741271
7,0,0,11,557.9750006583389,55.895839782561175,136.22661508731386,1034.1087092443906
7,1,0,8,462.84387999844745,82.02219844374747,74.43176716723812,2124.3912907692825
7,2,0,15,605.6097746708978,58.28817112886748,113.77860051198782,4385.825294173484
7,3,0,10,556.7715609394503,56.641576004283415,114.13723285933246,5474.452839284666
7,4,0,10,518.6449866179448,60.988481611363646,112.77869482585108,3933.0598948121615
7,5,0,8,545.6375145453476,58.91424094604045,134.96342056132323,1815.5313817407111
7,6,0,8,593.6909555609222,56.129133431680174,118.16424109687811,902.1518808857364
7,7,0,14,484.9760251823213,66.51792286707953,118.83302651971576,537.5994055388959
8,0,0,16,606.7877439558855,57.30650313277771,123.68667155462992,1122.5833837011658
8,1,0,10,594.1884504710871,62.87368598946158,131.3722975985629,1589.6107553524157
8,2,0,12,702.0542451410806,62.9831476998456,118.3779132442206,3977.45185339838
8,3,0,12,628.5422198889823,65.22264210052012,129.0208281123039,4734.178134239936
8,4,0,8,518.4498400359979,69.42009175698682,109.09320052063148,3834.228336201807
8,5,0,8,584.4446565116052,62.57374078189681,137.41771479323435,2021.9118473918195
8,6,0,10,719.5753330739742,63.05398380505991,133.8879386236091,808.2826113495895
8,7,0,10,691.946219401072,60.24907794009249,116.91106177515574,576.324344481567
9,0,0,10,577.8977701264286,69.40080411973898,59.47315581687975,1375.76545374502
9,1,0,10,606.7705222863316,55.61604723406396,111.75211659559788,2082.8495062145525
9,2,0,10,601.9590079175318,58.23803528956146,99.8875517332742,4548.454348055431
9,3,0,12,621.332725969166,57.85944140300886,97.1400426932814,5720.440666393798
9,4,0,16,590.8365822102171,59.44298750099978,91.49780959590449,4248.872219820691
9,5,0,15,595.1708275999877,62.85110098866266,106.516462476391,1997.7448404587044
9,6,0,14,663.3340469622977,62.91066378339671,125.07351973151998,820.6965126493775
9,7,0,16,596.1846232635373,57.08813324017112,120.360291139165,567.5354845677049
10,0,0,8,603.4511676066676,50.813189313602365,171.9129280442187,210.67795592627385
10,1,0,14,641.6751925185769,59.71896310199214,118.7868102505416,672.4511283657558
10,2,0,10,594.8425925111427,53.9593277012884,96.74012360418068,1375.8645928454516
10,3,0,10,597.269444369089,63.30997336186243,112.1757617252876,1721.2452639541832
10,4,0,12,603.251142717042,60.73222666344016,93.69934939342777,4567.860691950993
10,5,0,10,589.2367457625811,54.42028733481145,95.53671632747816,5815.26841407684
10,6,0,10,568.1087360623004,55.37823203639736,102.15329594608576,4246.359145677082
10,7,0,12,646.7461792343422,63.97916854645545,101.5546807168023,2283.963111173492
10,8,0,12,634.5121984984081,62.20361658590205,93.02847925120354,996.0762828271936
10,9,0,14,582.8481925203912,52.93936819194855,132.04513567814945,572.2659716967844
10,10,0,10,626.8592465156463,49.28088406830972,148.8492795643154,377.2815941863521
10,11,0,14,664.6666127018733,54.7672441679752,127.5534073698036,209.73079368788893
11,0,0,12,580.4071860977015,45.12610384080318,156.08567919514195,289.51734527148835
11,1,0,10,645.2036525914489,51.16806494764614,139.90046365389978,672.3042954377836
11,2,0,16,703.3364644851168,58.60030524092916,112.81993638498597,1107.049729050275
11,3,0,10,685.7160939021771,60.88041820142378,110.96023715378578,2152.162288714348
11,4,0,10,609.7842816336675,57.137561647172745,118.09049977768342,4334.388501899486
11,5,0,10,569.1468929541335,51.80029872219213,103.86253024708518,5695.352877195288
11,6,0,10,523.6473563461262,52.46394789409012,110.79878131260864,3933.305838823507
11,7,0,10,636.9824516604295,59.83961348143379,87.64685157130296,2059.8909161467463
11,8,0,10,609.9518424038073,82.54536514640176,15.88004378845017,909.5993142200152
11,9,0,10,537.7308915271899,68.53712782901569,46.15303085553463,681.9198974685162
11,10,0,14,622.5318693886742,54.45807412413904,110.02722078697757,350.63372422871544
11,11,0,10,659.6866890890622,48.46792783296145,140.9829127316835,197.0224301007216
1,0,1,8,423.727290022551,47.61248118425343,92.34595882875652,1334.0291587285913
1,1,1,16,512.6112894670962,79.4597189576134,49.32213750359234,2154.158697093849
1,2,1,16,481.6483707168677,56.98846570166118,90.74087331276628,4966.60419926047
1,3,1,8,479.843420528494,61.035289241929455,92.9359179996818,5918.839307164934
1,4,1,12,439.7237934825112,49.21555060395688,86.39541168991762,4827.244689066997
1,5,1,12,454.1579748921808,49.55770117524092,100.46494365592288,2093.878300810852
1,6,1,8,507.04882198843046,65.62293423035462,123.78011296517114,770.693496634674
1,7,1,9,445.7037444033061,51.77949550991711,112.63522492535044,544.9365640650782
2,0,1,19,550.69502653772,73.71655148632492,119.29279330702742,1018.0817644598864
2,1,1,17,436.9375866084511,54.801796257795175,88.07049818836073,1987.955566192376
2,2,1,15,469.677906991448,57.20971260761146,86.70468070102567,4905.969954531285
2,3,1,10,470.9311429605997,62.60890769579719,84.26934943344007,5901.2710196240605
2,4,1,17,424.1664047501177,45.081822512841136,76.74771636421688,5453.46009534315
2,5,1,20,418.3297948269458,52.67015721671549,75.35442084721483,2728.1573172210583
2,6,1,13,450.7110698091221,59.71896432154066,104.3732621113005,874.752826182287
2,7,1,10,591.9094804217616,70.85734955359675,175.46023259184054,439.7719944645159
3,0,1,14,640.5672423342345,50.47323048416602,142.29496421624847,1023.3156475119972
3,1,1,10,529.2454745615939,49.80029013265238,118.26028004791306,2218.598974430955
3,2,1,8,674.681360703997,54.31165267827773,142.3462652710021,4066.762648916824
3,3,1,12,610.6647159688495,54.52837070007574,118.23555878500434,5368.115591494943
3,4,1,10,684.646720028646,54.99049958132583,155.96108514023868,3241.2135039669342
3,5,1,12,645.3709027294369,53.714718716226486,161.36709072232136,1535.8472185026535
3,6,1,16,692.8194091869046,54.477464672447006,165.35546354626422,694.279624549686
3,7,1,8,556.1904062371442,54.16769948398878,178.1487089229765,415.36210995592864
4,0,1,8,638.7842000900731,53.35156958632798,174.73424540675535,911.3607301005708
4,1,1,8,628.7563013550375,56.07437819025063,182.739489769003,1307.5374853269393
4,2,1,10,544.0106604695591,51.03520487081711,144.84163916980555,3871.777451992953
4,3,1,10,610.2573134998527,56.22550347147871,151.93416126347205,4583.161103511066
4,4,1,10,636.235473654432,58.08483824308275,160.50234569577728,3338.9223454687094
4,5,1,10,722.9277548922373,60.14863452949017,157.6400973456795,1831.7253574154845
4,6,1,11,656.0160745739822,54.965657995356864,188.2298677604738,679.6776654916744
4,7,1,12,671.6806273181122,58.34502274103959,164.66832347041654,480.0465979338838
5,0,1,22,718.0383191170117,54.51170846074351,133.51496124256388,1050.0446243762246
5,1,1,22,693.5146621998676,59.01759848135544,111.77385551734908,2091.638859040936
5,2,1,22,675.75421777235,59.69899382179237,103.5656116787997,4578.963384017552
5,3,1,22,689.2524178582703,60.597910833820926,101.60876753707996,5571.999581434295
5,4,1,17,729.9376660944845,64.73290611784553,124.72421767041432,3536.570141273939
5,5,1,21,676.9557721674945,64.10013731813488,113.56684867296704,1840.354745455404
5,6,1,20,786.9390705078446,61.14473724399687,155.44954451628897,712.9280407063059
5,7,1,25,719.8707047247736,61.96150503362911,136.564235950014,485.5970544097749
6,0,1,15,628.2775905887044,58.27510375533952,109.9631511027706,1212.1763794302146
6,1,1,21,638.3630167752272,57.9338978731338,100.59851234090767,1867.4874681231724
6,2,1,17,688.7970147066868,60.446784857689885,106.67373235524428,4366.07637676149
6,3,1,19,680.341558116362,63.57881555049755,99.2041602375188,5506.958238866975
6,4,1,19,689.9909375991249,60.11039986525535,116.33959047395146,3987.3786867498206
6,5,1,19,660.1325457588688,61.71199007046551,103.68759861461064,2328.7911081284924
6,6,1,21,586.3899953046065,54.69369216666588,97.44989754827957,1011.9147363213756
6,7,1,18,624.8555224777151,53.49536309832367,95.16584783585486,688.5872061950728
7,0,1,11,704.6282379686505,59.41306033638198,116.8036291953512,1072.6959700840391
7,1,1,8,590.3541057038906,58.692053754087134,137.22527898270403,1930.1085351182933
7,2,1,15,618.9215695102315,55.52175374176497,108.36449998076571,4556.783541570945
7,3,1,12,686.5846479467618,61.22281978449819,117.594082729871,5112.779812151958
7,4,1,10,471.666895424223,69.03152152578271,80.4942884999275,4334.072149844789
7,5,1,16,502.5689670828441,68.11700673095642,97.06191365750848,1978.34665074004
7,6,1,6,603.4197369551833,79.24581765660015,97.37985992342972,878.4637787742118
7,7,1,12,523.5252913227255,55.171437917446525,139.25285650296323,529.2561485182372
8,0,1,14,622.0347960825388,59.30393715068952,140.4180540643448,1053.4560581036933
8,1,1,10,489.13861407317,68.41650149993137,100.10604769382952,1752.149933531388
8,2,1,12,596.0760683035415,59.497614194919656,111.39286798954284,4276.89430569408
8,3,1,16,665.468289999547,62.36989935043302,117.73783488810064,4989.223651582556
8,4,1,10,645.9142243745993,59.56468717358264,121.9331704444489,3802.358835455775
8,5,1,16,656.7261679413588,59.75999140765254,126.7348773359284,2102.6691129746937
8,6,1,15,682.4530371546986,63.22330268906981,148.47816152791395,778.8508962218157
8,7,1,12,584.9290021364332,58.60173421460311,145.7805401690433,533.2074449013667
9,0,1,16,645.5893859934929,61.7249145513392,106.7609909904674,1082.4027861108125
9,1,1,10,627.8791413785123,56.36626200576217,111.73728031083496,2075.2115861028974
9,2,1,10,563.2047879093025,55.35116861926404,97.69413857438204,4729.598170683693
9,3,1,12,567.3327850307988,58.87369179367957,92.66322361744402,5811.3084967144205
9,4,1,14,583.7993716149734,73.82903157692324,75.56983859952764,4141.477257872283
9,5,1,17,527.7285557305424,59.91799236420647,89.97541803931193,2202.767249487105
9,6,1,16,608.149290086015,59.05908127018941,111.39399316367935,901.78340576888
9,7,1,14,555.0713209924094,72.4823022641604,68.67994396760348,612.9772755251562
10,0,1,12,664.990159023615,56.90021010764825,150.3934777247705,233.6158817210209
10,1,1,12,606.6943400131718,57.193028717338606,114.38794238298615,702.5628585022042
10,2,1,10,632.2299283805005,55.547084503848446,118.56181718912174,1159.5834751756956
10,3,1,12,691.0992624138166,68.05565233766086,122.00785055617963,1589.1352049105078
10,4,1,14,633.7275249829463,60.918375552979576,96.99035286172962,4430.741932528455
10,5,1,20,573.9376884274914,56.952442099863056,87.85912990311583,5919.231702748328
10,6,1,10,580.4699907170731,59.7628617715132,98.15013116040804,4160.531111262078
10,7,1,8,601.9761934874404,57.82801095663867,108.31354477961088,2296.913203970153
10,8,1,10,541.3842554221478,47.1732457833466,122.29615357297348,965.811377991348
10,9,1,14,575.8211663653336,70.66564491464719,63.40167546139455,662.5330564866929
10,10,1,10,652.4509304221913,48.87513288886048,132.5827228797741,405.4769648164196
10,11,1,12,625.7461842949858,53.22274920662206,143.4146043853733,198.4467794296909
11,0,1,10,658.0954249947478,53.38057203001042,155.0872670797459,267.72298882749624
11,1,1,10,688.2050774289847,55.94054169168016,120.66035150635516,705.5985300238649
11,2,1,14,628.916073728373,48.67588126675052,126.66059254777302,1128.4818964025978
11,3,1,10,649.2409299546247,57.12794763100874,106.65751427559567,2253.9855036382232
11,4,1,10,621.0154196431849,54.10296526002092,84.33575729918914,5277.779207774689
11,5,1,8,647.8061277753843,57.28620434140512,92.3726925824582,5794.035229476561
11,6,1,8,629.1358851748653,57.108494297032514,86.7430234440838,4239.710379755053
11,7,1,10,577.8308253803187,54.71157913418247,78.19292247870342,2310.940113887415
11,8,1,10,659.4718807514946,60.79794768304375,111.4142035292067,839.1695305179508
11,9,1,16,667.7447060419639,56.7188051777125,114.54159180530206,542.5602072719981
11,10,1,18,678.5974641252116,54.821034457837975,126.00059577572408,328.87049567132493
11,11,1,10,700.0597554757951,48.09448967990103,145.06762807239045,193.5237899644627
12,0,0,10,602.8962934070836,48.0789223058394,156.20705843226767,154.3206543750232
12,1,0,10,612.2835416288777,55.25030927904866,107.56896480734736,484.31655346903017
12,2,0,10,574.0784924138701,55.55936752091925,96.46618140744192,849.4242850723766
12,3,0,10,583.8588963948835,56.33620983722939,101.26658026134274,1274.6058792955828
12,4,0,10,631.596096541121,60.05329663007752,92.76580420597762,3086.075913563328
12,5,0,10,618.765064630236,57.85723062865407,93.76870555569847,3926.7954667916415
12,6,0,10,571.3954552313543,66.22169549004437,78.5298863789355,3061.8781567188657
12,7,0,10,504.3178968801568,62.33904119698539,69.82032348371357,1863.6207446935027
12,8,0,10,616.4784426764772,60.15876005270597,124.72746284282344,591.9008434169046
12,9,0,8,652.3034294279021,54.18955293368281,134.09890905253886,387.879660877798
12,10,0,10,645.795237936172,53.80282387726757,137.29007905642362,263.0382810687176
12,11,0,10,646.2046206402742,65.55834554615087,125.3411126922454,140.6366925958822
13,0,0,10,596.9377387460505,51.62956821648261,123.24822899094347,214.90040489643752
13,1,0,10,654.4616370999299,53.76405831438687,106.74327892101712,512.6427904205832
13,2,0,10,673.2451331153721,58.64267450401188,107.85313350910798,763.5299414862438
13,3,0,10,683.535172786384,59.10010824892472,116.4160659149594,1414.5904927655963
13,4,0,6,726.2105027386035,64.79597832718534,109.51766872230252,2827.268092732727
13,5,0,5,674.15285535286,60.78128206385152,101.60888930349492,3605.108809290962
13,6,0,8,677.1946224743723,59.13707142937088,101.06642434251806,2663.002782875346
13,7,0,10,609.6601668795352,60.90373298132043,97.4202429974955,1365.535605974574
13,8,0,10,631.6359550802507,73.67450691669453,84.99086214149634,590.0345932786771
13,9,0,10,672.7520865439487,59.54648898080703,130.51956868920607,335.2930854808431
13,10,0,5,318.2558435198923,24.589471245011485,89.81398404694939,381.71629351748015
13,11,0,15,591.7200202294321,56.49076597425473,132.00639775239637,130.93675495653292
14,0,0,12,588.2491370572085,46.672029123914086,143.83789517743065,168.6789784999017
14,1,0,10,642.1931360905255,55.4724552776131,107.66824484093864,489.3746959663756
14,2,0,10,642.4315369610298,55.86766135161765,114.75016092987848,766.9145219068122
14,3,0,10,569.3576435324405,55.28935869456124,93.10786986971436,1369.8089928923782
14,4,0,8,615.3996584176145,58.128712334375535,95.6813941469282,3054.73607183408
14,5,0,8,664.1820049173049,60.76908503411028,103.30656687316277,3599.0674152884126
14,6,0,8,587.5798490464236,58.1147384185076,88.77754511303266,2976.4980093081804
14,7,0,10,625.6291784854593,56.03941213292844,103.42720183329564,1582.9492766294711
14,8,0,10,595.8348330526106,58.10901323948442,111.1214442196034,639.2402405150348
14,9,0,10,576.8976289446481,56.26959380181568,97.5319319219306,447.5432760544102
14,10,0,8,614.5087338613263,47.99112288836765,140.44219095430932,272.014338747196
14,11,0,10,613.8089360783001,63.9084018912439,117.62859100649425,151.45107420317098
15,0,0,10,590.1478838492179,77.55800205658866,7.2520362990037714,248.8161367471214
15,1,0,10,614.0840692632952,69.67295106805824,85.21471467801949,494.1991856945485
15,2,0,10,634.1561314889527,61.4260485239714,101.40867766491364,766.4742338844092
15,3,0,8,638.2573442907672,61.12759904271648,105.13517810781045,1493.4872734138414
15,4,0,10,636.2286331192877,64.62594620900661,90.66151769577031,3064.8200918148755
15,5,0,10,663.4731244818694,70.29082640373502,73.70072937314258,3662.351469751636
15,6,0,10,630.2030735723971,82.2723811459334,38.674138048643925,2641.161831654624
15,7,0,10,600.7931612429312,73.80315731894325,25.016133631744964,1535.2110445130418
15,8,0,10,627.668459514142,57.18862103599081,126.6713181838394,548.1578569134707
15,9,0,10,613.3528756595945,63.32557708126862,78.98712517969761,396.4728255324331
15,10,0,10,583.7742833099059,60.92793638799714,65.19601673250773,276.4523892513289
15,11,0,12,699.8533963308066,65.32850930997259,170.01309038625263,109.9165170338946
16,0,0,10,567.3249958423232,48.35930957633101,151.37520966437208,163.87854932480022
16,1,0,10,601.1541498466385,55.97705901993875,94.13011217774012,505.5783099369569
16,2,0,10,567.2387073099162,70.3805074556731,12.68249564876318,940.7456100644408
16,3,0,8,542.8469679024957,45.45875119894729,94.81992046279784,1437.698205009803
16,4,0,8,530.8215311105124,44.30607315654044,116.13857183184918,3041.4923324192414
16,5,0,10,581.3907578159539,56.74969566623612,66.07910354624573,4322.37442796309
16,6,0,8,571.2935877334256,50.92080716519138,73.12299084198818,3282.001984643213
16,7,0,10,674.6810638320945,66.69989827512308,103.42906998408075,1447.0177556011804
16,8,0,10,669.6755497770109,69.41211445681097,116.8483346429114,564.394055827233
16,9,0,10,624.6326094888333,87.08679448719042,76.37759716664294,365.5095752854622
16,10,0,10,711.808073898781,63.44866626671182,141.27027728028315,239.74133804257576
16,11,0,12,600.0662612262993,57.99407245205401,110.94842276138978,155.9114562927108
17,0,0,10,502.2114510003992,35.98965608401989,133.25908228236625,239.44130041107903
17,1,0,10,587.3774009588461,48.42110965046713,78.94237811920323,605.3447882224133
17,2,0,10,554.0364432966284,48.275687661938,123.84542918672123,734.3748207377723
17,3,0,10,573.6160770076035,55.00255573603208,67.54743942487997,1838.0903862808727
17,4,0,10,594.389741307414,47.14071391343639,93.7384797133259,3353.699049265848
17,5,0,10,678.0744385247093,63.324705758712014,75.74131025427448,3767.304497935768
17,6,0,10,649.4615657716641,60.59110485315323,68.29736843923345,2920.168490063618
17,7,0,10,634.0918048564338,53.84334340105852,91.30437454256504,1423.337926879068
17,8,0,8,622.1426436311607,54.1334583894042,101.72951406458346,584.484500461776
17,9,0,8,580.4170961246945,42.313818265068114,122.31457406712552,375.031709918517
17,10,0,8,595.4834311484166,45.68671596000253,120.46020500701736,239.11937168443103
17,11,0,12,575.6738474477904,48.74617008964671,88.30823957820238,171.15793866169574
18,0,0,5,542.3453439053266,37.68854509079219,149.76112170434163,183.73559465916256
18,1,0,10,565.5217391217673,48.29195404392642,138.83296309576045,446.17449221432935
18,2,0,8,622.9916093216445,52.738093372076506,84.4108520045287,851.8380631328345
18,3,0,10,602.7755730050244,48.035315289346926,117.8966376904028,1192.1464515172086
18,4,0,10,608.3985330475452,52.8972204953862,88.64293642672204,3104.989426279793
18,5,0,10,588.2893851952912,50.302560976636805,77.08283651907678,4229.578613418322
18,6,0,10,612.2481602988742,53.18045421539668,90.29127342162325,2897.348799512511
18,7,0,10,634.6377142362696,52.15863285846169,108.38747739707736,1535.341356339912
18,8,0,10,531.7024201472578,57.50721883104587,49.95361260983218,903.0702090013956
18,9,0,10,560.5141962939169,49.412843504972,77.72721522323846,508.5356003894836
18,10,0,10,541.7451772258607,49.1325671560388,68.75952497721971,381.27600858582736
18,11,0,10,571.8182920483152,59.55911344029402,77.05215011851489,191.14053988146253
19,0,0,10,565.0604643299766,49.31139049216855,77.2359715291118,279.3954928635513
19,1,0,10,551.8897637131023,43.123279733308884,111.11025821503829,517.9204287076345
19,2,0,10,-999.0,-999.0,-999.0,-999.0
19,3,0,10,557.7547967972858,40.26073862557949,79.25267423603445,2032.3871763282355
19,4,0,8,606.5666861053616,48.56812769906168,89.40182575795666,3310.3095794102683
19,5,0,6,607.8318286847691,53.964658633201545,67.77620111708534,4325.547066278823
19,6,0,6,595.5902676305099,52.325725247323795,108.96987548924834,2557.447698748773
19,7,0,10,632.2198111589458,52.42999964614181,90.78462121821181,1467.9601569241065
19,8,0,10,568.2361651178215,54.12939019167755,78.36267810502758,688.2193221438159
19,9,0,10,626.7680897194306,61.04201849284932,95.40222117914125,380.4490860157167
19,10,0,10,544.2214007014977,49.362845972727555,69.72755004687548,307.6138706350123
19,11,0,12,650.7068388860074,61.5496957718599,131.91906895189308,132.01663691374713
12,0,1,12,611.5047178091504,42.17485191268102,162.32157891455554,155.61865462355095
12,1,1,8,629.465288413569,58.742483394905726,114.24558045708412,455.5662827271465
12,2,1,8,602.2556678412543,58.737013965877196,103.15928865599872,799.8428801083329
12,3,1,10,567.6332876885607,56.20751738894098,98.79268755545803,1290.7455739287827
12,4,1,8,635.1891221394241,58.23954707010421,92.51318138621625,3146.043722082123
12,5,1,10,558.7815918416502,52.421509070769616,82.29610790683248,4431.870599349064
12,6,1,10,563.7108553896129,67.47664929754616,63.07176668179854,3133.8050743737053
12,7,1,10,580.7629012719423,55.089395899835566,100.1685886205951,1651.1501664699103
12,8,1,10,626.3908474626953,59.74833597254541,119.1805677673138,604.6845533203298
12,9,1,8,602.0868857859414,79.20725700513742,7.097113040154583,451.2766153089896
12,10,1,10,644.6438163275895,59.89496088474242,119.5837146971292,268.1162541830806
12,11,1,10,596.1311943965911,55.36270742912188,147.2868869703032,140.36135869187402
13,0,1,10,683.6986311833857,54.00159036805591,156.24444621384148,182.35997302687727
13,1,1,10,636.8208827846453,54.85223261437615,110.91659204565441,494.3227082459334
13,2,1,10,714.416963417828,60.62512376842042,121.18478633758762,700.8404062358286
13,3,1,10,668.6844890583459,57.13929603293839,115.03239030238738,1455.7320065495821
13,4,1,10,643.6926827299238,64.44437597189685,75.12653107041355,3315.5669693358004
13,5,1,10,664.2107913310346,59.915431267432346,102.12412467284801,3621.787381291544
13,6,1,10,656.5575375840866,59.90968466337498,101.49593839720379,2639.8650338777607
13,7,1,10,583.8761752672265,60.59074152560448,92.8298474936141,1414.8194229084133
13,8,1,10,572.654043275689,55.587937918264565,103.54215789260756,613.2116325875778
13,9,1,10,590.9445998422349,54.65953407130757,115.31485602053223,374.6170333602682
13,10,1,10,584.1448439807336,45.67640208664393,118.78561663970267,244.92465851973438
13,11,1,12,592.9734163190924,44.27801067280734,164.7868636093196,120.06234939580106
14,0,1,10,518.3744598855708,41.92169974967452,134.60608496960802,187.217386444897
14,1,1,10,583.3838113063432,50.23483111342838,104.3929776707975,522.8069259191832
14,2,1,10,567.8503637270346,51.658717019801635,99.61821104597857,857.0389888857686
14,3,1,8,577.7170426715239,74.19224196366082,16.349257143915427,1379.5860680158216
14,4,1,10,521.8609363399728,48.92627794594777,82.39388820770868,3596.4926081290487
14,5,1,10,597.932781916002,55.98901160011138,93.5288416988884,3946.3969235538366
14,6,1,8,580.7223998103518,53.83260669515255,94.40180272700714,2992.122893556016
14,7,1,10,560.4092528469716,70.8691438096462,7.637430106988448,1796.8335046303957
14,8,1,10,529.2389953658352,59.84126018093269,40.48404634580611,869.465163216924
14,9,1,8,485.7634521626115,43.6122126430409,60.48381903010502,667.5816657748643
14,10,1,10,570.7789848885569,56.75240965600105,75.19411916263924,335.8652622901891
14,11,1,10,518.7913453966036,38.60074165964728,93.55991256641865,200.20759261336985
15,0,1,10,615.8109089474461,65.78443060248118,78.82898077810883,239.77618397818483
15,1,1,10,615.6664891623365,73.46690237368286,6.461028223819268,567.2066816863364
15,2,1,10,712.1307590269691,56.44994307929115,143.497715032828,664.3409621265222
15,3,1,8,611.8038676523582,62.709867216406685,90.4236051896355,1569.624607840921
15,4,1,10,661.7205616737158,68.63289676375202,91.4378899991809,2961.3015873352833
15,5,1,10,651.6109952304222,61.68163658721296,106.85817856823013,3496.101118096542
15,6,1,8,723.5154702521363,62.55330147263574,122.96787227301262,2356.293336537924
15,7,1,10,647.1781659169822,62.15204016753096,111.41686884690456,1276.975315981163
15,8,1,10,643.0179014838142,54.778938394266795,142.433154382795,523.9759787410649
15,9,1,8,687.4357766701294,60.41399375559872,143.98070046401472,319.75804762062654
15,10,1,10,633.7656654795959,56.08935757598436,104.58385674138624,244.16628572535015
15,11,1,10,600.9313029643776,78.65284537930258,11.508430396973399,156.60076556199468
16,0,1,10,602.0128042699846,49.65911773708221,91.48906036778631,214.48600975913598
16,1,1,10,595.3757139562994,59.0143742782464,76.3347344832649,543.9862039755326
16,2,1,10,640.7908899025692,61.51206752420394,74.62905960555435,847.1455536903879
16,3,1,8,603.5996958118591,66.67152911511161,8.02759174117275,1505.2269706007746
16,4,1,10,487.7554389007874,47.52551989533144,102.03394602978442,3196.7272401128166
16,5,1,10,555.2007663600817,52.40819505395646,68.48479618197925,4467.075251785861
16,6,1,8,576.0151245152385,47.58416315914897,100.03439012617689,2910.866441444243
16,7,1,10,579.6882568446304,70.36065207783584,16.842765454629138,1845.4809939912939
16,8,1,10,591.7778377789094,56.04456214956971,80.0724869540089,718.8196136500371
16,9,1,8,571.2422881133152,63.686729389557605,56.97686780357145,476.13541371692276
16,10,1,10,709.6313343963407,58.69194382107203,137.66183705694993,251.1550685143212
16,11,1,10,693.2352751159866,56.23294283713472,152.78154694728684,138.0460622138693
17,0,1,10,555.3089622182573,43.25572331139539,90.91365782990403,278.46890681072676
17,1,1,10,553.9460824229851,45.57632747995392,83.7831545131419,601.8330968564303
17,2,1,10,547.2624832832342,48.88361476631381,130.5574367366788,712.2795343031879
17,3,1,8,560.7806352903732,46.717529339368134,85.08571342646792,1784.3039724097582
17,4,1,10,630.4728472514798,51.74931872078501,98.03806475693686,3134.513526591629
17,5,1,10,561.8083046919842,57.174926550113916,111.63414603826067,3801.708779761401
17,6,1,10,625.8255564586854,52.850898292786944,85.54005343537567,2877.3999060317587
17,7,1,10,563.1811047409137,44.9561079522877,123.52872652174787,1328.9182410899223
17,8,1,8,647.0975591211699,59.782080791419965,91.36312565398262,592.3799734873464
17,9,1,8,652.7305328337159,65.97576986156251,84.49999336047718,378.46398468494493
17,10,1,10,594.2249493669536,47.833127120525326,80.95068044217017,284.16634350449965
17,11,1,12,632.3717143967475,64.17208387677226,12.468554527369692,175.34410941425625
18,0,1,10,640.9193099897885,53.90542970454187,112.92101707777974,187.75215419361385
18,1,1,10,609.3122776620182,53.19642738588721,124.01006711060603,450.8443529742733
18,2,1,10,604.6215913460769,53.908161202812046,82.25667536812574,853.5051134782186
18,3,1,10,575.3091214527155,48.88929859734366,92.70034205234006,1357.3446374671098
18,4,1,2,560.7751579761699,49.412443903119744,133.11627783570995,2645.5352593599487
18,5,1,11,575.307008829042,67.55897177349341,11.958326528076235,3655.931181041098
18,6,1,12,539.0030415146061,43.986050710425665,114.1930975824514,2814.6099189469232
18,7,1,10,644.5341645800086,50.81448404043686,97.87698210366021,1634.4993670087322
18,8,1,10,504.3165755019625,38.98085219612044,91.09512283565735,812.2150512033659
18,9,1,10,491.7062654740323,34.128671624638834,97.43147231080518,516.2006678025059
18,10,1,10,506.4275387184769,49.46364378477121,52.53418801892876,420.31407901540973
18,11,1,10,548.9183456712675,45.841911924977914,90.34620838114375,201.05942436078865
19,0,1,10,514.8454100117215,40.548002931043314,104.79898242509276,262.2923015336065
19,1,1,10,557.9532376728383,46.856273286667964,76.60074504644358,611.3931651261105
19,2,1,10,586.8817583716522,53.606877333100954,69.19471088282306,905.8122086151392
19,3,1,10,500.99051031843914,39.677890371058545,103.09963743333255,1697.9481133210932
19,4,1,10,558.834445514641,53.463867282126046,58.73061334337818,3819.117037152742
19,5,1,10,608.5028543059664,86.21393428601331,35.84702896891745,3268.9829855220273
19,6,1,10,544.8344827177181,63.2001842062641,10.261403341932366,3330.2396148576345
19,7,1,10,584.6903921231692,61.43145866551377,12.582418602710018,1824.1825272834726
19,8,1,10,627.1483370204732,57.6473159614699,84.55830587919543,639.9932045756597
19,9,1,10,616.0446887149208,59.8081580355244,84.01292999142099,396.80697608198943
19,10,1,10,574.4478757808569,51.60468032825569,71.66148129581289,293.8474163939214
19,11,1,10,661.9622815021668,68.61045434152861,97.93923745947998,141.27671931273719
