layer,strip,end,pedestal,mean,std_dev,pedestal_per_time_sample,pedestal_per_time_sample_mean,pedestal_per_time_sample_std_dev
1,0,0,760,-1.0273742604460079,9.674627406843134,95,94.87418645605686,1.1586997898499265
1,0,1,840,-7.573053056254267,11.046367796459077,105,104.25629458866113,1.6744404892509355
1,1,0,760,-2.8026813028612563,14.564193596544065,95,94.61046999208608,1.0255594177726524
1,1,1,760,13.318374335405965,18.8560474564577,95,95.58351293927026,1.3580783618939787
1,2,0,728,8.016914935919004,10.38766981347635,91,92.0694577614537,1.7305824497860867
1,2,1,824,3.8387639461348466,10.88832225539713,103,103.57199654007066,1.697010013840832
1,3,0,728,7.187037441459805,11.93845109832898,91,91.92546562719721,1.7569373397601482
1,3,1,824,-3.6064790099490414,13.267025268627002,103,102.57285600691655,1.9967967987687245
1,4,0,824,5.9473630017092605,12.376214624731329,103,103.68985696604838,1.3722686071037824
1,4,1,760,0.16525319061342117,11.554757447313044,95,95.02098205544766,0.950733548829159
1,5,0,792,2.0031683093775685,11.602905751342352,99,99.31921786342751,1.946579112357667
1,5,1,744,-0.9736799176830798,10.948169319774031,93,92.99214072216746,1.5888746186053988
1,6,0,824,-5.113461373679508,11.566822974013153,103,102.44083324194554,1.8919524170797914
1,6,1,840,-0.7303652744454782,12.186270440075383,105,105.0691874838799,1.7853284715697584
1,7,0,696,13.932308614232209,20.574734567437012,87,88.1124209472964,2.1075325997754324
1,7,1,840,4.659423763752726,12.099228018552123,105,105.67991076163261,2.053782668705462
2,0,0,760,3.055436056062137,10.364760759566824,95,95.22100159154631,1.1612468224742194
2,0,1,760,2.160188697959285,10.188697228564303,95,95.14869723602779,1.1298173175697988
2,1,0,760,13.243007007857294,11.914896089593743,95,95.86469443593039,1.2769135201476398
2,1,1,824,-5.2729087048832275,10.892468454584941,103,102.44035528770206,1.521012617520512
2,2,0,760,9.167106970708195,12.38546712384476,95,95.5732857859618,1.2764012739679318
2,2,1,840,-2.518264293711153,12.897305826932657,105,104.81222298803654,1.7091737000949643
2,3,0,856,-3.5248639474753594,13.94853388096267,107,106.78872545800775,1.8619810197976083
2,3,1,856,3.0164556255926813,13.278626315040533,107,107.4872182245106,1.4849940899234917
2,4,0,744,3.0263255200214605,11.282990513782622,93,93.4272431831216,1.6537886162504867
2,4,1,760,-0.6674787021932209,10.42369638190956,95,94.90879520193492,1.0174445895717483
2,5,0,760,3.069939744421933,11.508397908175002,95,95.22376887309025,1.1720433408055948
2,5,1,760,-2.481938216243149,10.481787942739258,95,94.7659263732607,1.0476084674114947
2,6,0,856,-0.8740976645435244,12.759742145554307,107,107.17356173448505,1.4742194989939341
2,6,1,824,-8.658491279513324,10.630347642986367,103,101.9772500187034,1.7395376934368418
2,7,0,856,-3.5085048375033177,14.056468493651288,107,106.80775185083695,1.8716230657573143
2,7,1,824,5.601415008987056,12.78660107357395,103,103.5933472140024,1.4828431419341117
3,0,0,728,-4.897509402526125,15.977147548920833,91,90.46114959715834,2.30669419425386
3,0,1,760,7.4952439868436365,16.15033941831168,95,95.57645496523993,1.3820170060898636
3,1,0,728,-4.4476709529081155,15.517701297970774,91,90.50137719630418,2.3038634613454616
3,1,1,728,2.6527147320639037,15.693899500993515,91,91.39805083815133,1.9899274551716515
3,2,0,760,17.497142074298456,16.134845074822106,95,96.11506863583298,1.4043329515162566
3,2,1,856,3.332549341980073,19.367728066457072,107,107.59790730812794,2.4981113481486625
3,3,0,808,2.931178352979301,17.624854935137947,101,101.41613840615369,2.2732713779197136
3,3,1,760,-4.93027438209347,17.99469143444419,95,94.56980413204131,1.2692577892570167
3,4,0,744,-9.463713923452174,17.08559017269283,93,92.091930540383,1.8342122272839458
3,4,1,792,-8.598178848275566,17.4670508108896,99,98.13310154809011,2.4101558177668876
3,5,0,840,-1.4209467951403436,16.85675663042256,105,105.07289865547965,1.954847210256135
3,5,1,824,6.120131804304118,16.96131254116624,103,103.82114592220745,1.4219650178460341
3,6,0,792,-5.42396989335225,16.837996466056456,99,98.52762172176185,2.3342146625011035
3,6,1,840,3.2253494874184527,19.168088316152563,105,105.65355720884727,2.6193881765605913
3,7,0,792,-1.3395700071073204,17.80854018405837,99,99.0208962992047,2.4377232367723325
3,7,1,760,2.1499635795121432,16.065322022997837,95,95.21378620875059,1.2239300272492135
4,0,0,840,4.4602666533817406,19.713655796219864,105,105.78650492519816,2.6633634622728164
4,0,1,760,-0.4960083628376402,17.05055903733921,95,94.97838122975556,1.2192792077943124
4,1,0,824,-5.621928346027602,16.65409595576732,103,102.58948259426055,1.8090910404648977
4,1,1,808,-5.059035610188823,17.732641958623088,101,100.57619018985181,2.381426936132758
4,2,0,856,-8.741966973680288,18.227905825802996,107,106.46930455101364,2.1134144778590525
4,2,1,808,-5.575338076966062,16.200471727730083,101,100.71956684429297,1.8262876846438265
4,3,0,808,-11.606496804270407,18.047362540923807,101,100.34083607303943,1.5184207615800207
4,3,1,792,-11.089186044683427,18.26902141352199,99,97.77208311413985,2.3388178598843754
4,4,0,808,-3.4568839993528555,18.7036658090916,101,100.89517104817907,1.9247472278228503
4,4,1,760,-6.794954189155404,15.81588650115286,95,94.52695340909945,1.0778729797473054
4,5,0,760,3.3401905287864144,17.981151870476946,95,95.2531652492286,1.2896413988688264
4,5,1,760,-13.175153311730567,17.687530331706714,95,93.69917554351727,1.6373917069884363
4,6,0,760,5.546368096217756,16.62276306055092,95,95.41359771527593,1.3602995208511586
4,6,1,760,10.52615658038089,15.502025991108573,95,95.82928981160082,1.3553927071980687
4,7,0,824,-3.307128270656938,17.012899049655516,103,102.93754435539267,1.8723216060265335
4,7,1,744,-1.2316999647817963,15.34439178496661,93,92.99906737057982,1.7287927309762474
5,0,0,824,3.405942463064106,11.100331897107003,103,103.42981483946933,2.099054561424729
5,0,1,760,19.238489563997206,11.796395155367057,95,95.81163775977845,1.3974537287024669
5,1,0,696,8.221370779267803,11.9252605571091,87,87.75786193600175,2.100073051434827
5,1,1,856,1.4337026576870158,13.605744202556334,107,107.2242110446401,2.3650670115268215
5,2,0,760,-14.45730063820559,12.697216943061088,95,94.23209199747028,1.2201755134234966
5,2,1,808,-7.206800402757339,14.190680186152518,101,100.70404438849033,2.132965099897611
5,3,0,760,-5.133364537536985,11.080497263080009,95,94.59178219821537,1.2525274743043922
5,3,1,808,-4.506657305483814,14.048467522426101,101,100.47181570549907,3.143164810454597
5,4,0,840,2.4727387490658987,12.04371305621094,105,105.18436206120164,2.0609490684541516
5,4,1,744,-5.0684098642540505,10.634176326493618,93,92.5023503046014,1.87236814359788
5,5,0,840,-4.859942877769827,12.802000036273785,105,104.47537054741791,1.9814888187183548
5,5,1,744,-7.2043140135778705,11.748057754895019,93,92.27252558116199,1.8515033054010457
5,6,0,824,-2.434020682395195,12.90199929456993,103,102.86156606042739,2.048885417946132
5,6,1,760,1.608103924409605,11.3666629261888,95,95.00791271147524,1.263689328372239
5,7,0,728,-5.525103442392186,10.400475680091738,91,90.39691454298205,2.3164372937841624
5,7,1,712,0.6900693488037636,10.89890048322731,89,89.08038025462565,2.0417311194937184
6,0,0,872,-8.684842294239639,12.501946890538388,109,108.2107437447737,2.031260440715505
6,0,1,808,-10.894762907019933,12.136636716264867,101,100.30731980004394,1.9770683304465362
6,1,0,728,4.512214916064388,12.003497846109628,91,91.61194512343344,2.177816267631974
6,1,1,760,7.952788410538894,11.646851139565396,95,95.344772629808,1.3337300569740478
6,2,0,824,-7.631235379302662,11.849240693981637,103,102.3241290567977,1.859808888696155
6,2,1,808,2.193709851100962,12.174341355646002,101,101.38163334988826,1.9919648035681659
6,3,0,760,9.428594001832948,13.836636666531577,95,95.33921879764927,1.3121344599622775
6,3,1,760,-10.205204983764053,12.716930629970582,95,94.36620514787408,1.1970892138885871
6,4,0,760,9.306975378857373,12.442196654353461,95,95.40292961281656,1.2476530952442972
6,4,1,840,4.843745642681539,14.27294952921387,105,105.34096536045125,2.04536148975774
6,5,0,824,-4.894204576637597,12.17263615121646,103,102.65107296413761,2.054731466549021
6,5,1,728,2.647524195815429,11.264827367387559,91,91.2727928053072,1.555062282266739
6,6,0,824,-8.803294945033551,12.539369219499319,103,102.24523795585262,1.9697736320110077
6,6,1,872,-4.786927134348517,10.916595588282243,109,108.75215462237666,1.5881801047707893
6,7,0,760,-11.682784374962171,10.687414401818273,95,94.35738086660506,1.2012236218602257
6,7,1,760,8.141353556384061,9.764310131000041,95,95.45288542036997,1.278803902639027
7,0,0,792,-2.105381042763941,11.795029033528031,99,98.74193170068548,1.9820137511675175
7,0,1,792,5.894305219706407,13.503403414337878,99,99.62810059035868,2.17137490706798
7,1,0,744,2.5817871532322223,13.85102900694018,93,93.25022002722122,1.8903578087011759
7,1,1,728,-7.414336337724366,14.832384401883488,91,90.02767387593327,2.0166874485936708
7,2,0,728,8.766329195381656,15.85923784793557,91,91.95849728934749,1.8793595951724675
7,2,1,760,15.935106470627888,15.665089031404332,95,95.98937887275711,1.4206154266541746
7,3,0,808,-2.7377162574096565,14.318139551935406,101,100.71311789693173,1.6927676439486268
7,3,1,728,-6.374613576350873,16.099474395866974,91,90.1160494610863,2.1861278390652874
7,4,0,808,5.3269835660010605,15.50099022431053,101,101.55373842071138,2.006252882955845
7,4,1,760,11.272049364565515,15.658234618564663,95,95.74169389581357,1.3120390725499234
7,5,0,824,-1.8780265792827235,13.946074859579605,103,102.77210871720206,1.7607159752685728
7,5,1,824,-7.96922970717074,14.310587398221358,103,101.96647325387684,2.056911348909585
7,6,0,1320,-3.1683125305922664,25.11726741574202,165,164.96220180613253,1.9599533838338814
7,6,1,792,0.6585174073984468,12.80969737882175,99,99.07423989487376,2.067790765630826
7,7,0,728,4.215813755914524,11.112517194610055,91,91.45527636580464,1.5104610044588096
7,7,1,824,8.72861087184812,11.228238916074321,103,103.83107480123681,1.4645522033270204
8,0,0,824,-7.530724041799093,12.742216080549621,103,102.0699858942918,2.0596176445926178
8,0,1,808,3.190321931221289,12.985422193574992,101,101.38189877271238,2.1618596195920725
8,1,0,792,-2.4809901462973203,15.030429831477269,99,98.64941949154984,2.0506237432776606
8,1,1,840,-3.1640962523862153,14.171242794993171,105,104.59409240847963,1.7317636178066451
8,2,0,760,-4.68336313547618,15.33715514340741,95,94.51997005016075,1.2040390797656695
8,2,1,824,7.050603966433404,15.045413179273384,103,103.6102637530304,1.4351127091628413
8,3,0,760,5.176255432345072,15.036732993986858,95,95.27229926448476,1.2837555818208346
8,3,1,744,-4.810281290801072,16.491865540677885,93,92.36138697551185,1.7677597047629863
8,4,0,744,1.7286932227310694,14.546622794874251,93,93.12884821087724,1.6436499983398793
8,4,1,840,-0.5794102394191708,16.361212806351812,105,104.82093326721572,1.826613618352993
8,5,0,760,1.5556782829207079,13.640898802212574,95,95.04949217129423,1.2346571101194395
8,5,1,840,-1.2293893454143705,14.977896806730554,105,104.79982183739865,1.7913593091309994
8,6,0,824,3.982058031527034,12.810781489387951,103,103.40992743780821,1.4742880799663387
8,6,1,760,9.879460342428459,12.71039509346279,95,95.64280338947337,1.3438407532475347
8,7,0,824,-4.537479455970273,11.870340349692238,103,102.57828699750135,1.8286241827502676
8,7,1,760,-7.770110426526178,10.457722307266025,95,94.42876631141878,1.1032370146939348
9,0,0,760,-15.005174818448516,12.15219823150587,95,94.30693586706558,1.2259980670017048
9,0,1,760,-2.2890861699160325,14.636759737203539,95,94.7197820121336,1.411695984351367
9,1,0,760,-4.114121473511325,16.303367353699844,95,94.61018766395222,1.3758593736886502
9,1,1,696,9.430249404946704,17.657819039384954,87,87.5764908560827,2.249230224907962
9,2,0,808,-6.746745662817409,17.655029232029328,101,101.04385469800508,2.2418025289889636
9,2,1,808,-7.372112089968984,15.733923234488145,101,100.90442814534889,2.2291740437485537
9,3,0,760,1.130132828246036,17.66437517342978,95,94.81065698019628,1.3605014559330357
9,3,1,808,3.2430960684203285,14.543366971506146,101,101.38070205658532,2.756437123298325
9,4,0,808,0.2520653524532357,17.579401005377168,101,100.93961534077168,3.329671817686754
9,4,1,856,-3.064034321791987,12.110811913600172,107,106.65071821007267,1.941960024741503
9,5,0,872,-10.051134100109234,12.37702785189224,109,108.12823192777765,1.9837500628248246
9,5,1,856,3.4731282288534198,13.51106022635568,107,107.47888963294653,2.2835692706234214
9,6,0,808,-4.21516842977624,15.183716345426006,101,100.94293927732633,2.1884886371555674
9,6,1,760,8.898056063375991,14.6940684098855,95,95.12808796735223,1.3639790039228565
9,7,0,824,0.009031988291867028,14.394577069531596,103,103.09830130289411,2.218241782572981
9,7,1,760,35.60028196274747,16.684801036106837,95,95.79665410857376,1.4180044426622374
10,0,0,760,-15.500408351679567,15.606452672848162,95,94.50319095414349,1.3131900573984894
10,0,1,728,-8.183934711462777,14.4983473380165,91,90.45679417103378,2.4453982919129715
10,1,0,728,-5.084667787852198,14.383898545643142,91,90.84156619407655,1.5936150808844605
10,1,1,856,-0.640819410424207,15.11023948995598,107,106.99425808331445,1.69379834036384
10,2,0,760,29.968693009118542,16.218258926527355,95,95.97004744248225,1.3902059138312257
10,2,1,728,2.633268985225269,14.176564238729492,91,91.1132724092508,1.5017926553592607
10,3,0,840,-4.33576406282696,17.34071231130749,105,104.60315223497616,2.250371379121893
10,3,1,760,23.48227256291353,20.00521568895832,95,95.41663005749652,1.4484829601978226
10,4,0,824,4.201977986211794,17.2506789640376,103,103.3471534348601,1.6285767053756819
10,4,1,760,17.1807644226146,16.322468622793686,95,95.33224567463036,1.3593561205769324
10,5,0,760,22.427244024930882,15.46428358952161,95,95.57930175343901,1.4251901232664153
10,5,1,760,-9.966481817735682,13.378796133496273,95,94.56911733079357,1.269220495219922
10,6,0,760,-13.241551075055966,19.760255015721537,95,94.44019098159603,1.2577505757260503
10,6,1,760,-3.4981436177867318,18.22214627238772,95,94.72669889699688,1.3368684512206865
10,7,0,696,18.771328422865107,17.80104727751237,87,87.67150119782731,1.6615808557563227
10,7,1,824,-6.40887692423321,16.988899212983416,103,102.67351082517737,2.3152148891388284
10,8,0,760,3.017264558987243,12.252709912903502,95,95.0870605217374,1.2554637778054325
10,8,1,744,-4.455233644291096,15.756795643649474,93,92.27903395293798,2.349225308153079
10,9,0,760,-8.062121835339283,10.839732105664515,95,93.91110255844413,1.5866628634971622
10,9,1,760,-10.11083821662126,11.041846998628612,95,93.65092543500265,1.6431321380814221
10,10,0,744,-2.414076928069482,10.683436247449096,93,92.6288520952617,1.4706493124342332
10,10,1,728,8.412383542892208,11.314390020822275,91,91.94111596190987,1.6361532144695496
10,11,0,760,8.007184720804782,10.604666067455364,95,95.62584598045787,1.2994069679984277
10,11,1,760,-3.5893210168127503,10.122468684825217,95,94.52681864609299,1.0495816255821824
11,0,0,840,6.1975774505718935,11.951656337678553,105,105.55641780779435,1.8432063824520097
11,0,1,760,-4.35195612645903,11.03472033727025,95,94.44578937530906,1.0450620405076487
11,1,0,760,-4.388226911285687,11.052872443150015,95,94.35476227035878,1.2858140546601198
11,1,1,840,3.3650330808610005,10.642206826402562,105,105.3953042452401,1.7618455456806408
11,2,0,808,0.1635351199973949,10.693888621769464,101,101.00188469930367,1.8387793063516231
11,2,1,760,-1.756252442360297,11.241214347693095,95,94.76013566315527,1.3159284789410368
11,3,0,840,-3.6202719326642927,15.037578121804309,105,104.43420338758489,1.6835960769695717
11,3,1,808,-2.71599704884931,14.894453819418127,101,100.62328156324563,1.6589970110100416
11,4,0,728,9.363522181850804,15.931515956949486,91,91.90333627629387,1.6340391263628293
11,4,1,824,10.251317904811755,15.216582290534994,103,103.85683616966374,1.3566364988764283
11,5,0,728,7.909897090385931,16.236436030476643,91,91.58395299154596,1.38557055302001
11,5,1,856,-2.213832317409315,17.571340429245662,107,106.58337423508578,1.8709401297128803
11,6,0,760,-8.081083348480822,12.501983677756405,95,93.84515790162473,1.6010571548629495
11,6,1,840,5.931158635057572,13.446291456301465,105,105.66748609891718,2.0300614206329106
11,7,0,856,1.0682562295368774,14.6027749424903,107,107.04028348137201,1.949611722756371
11,7,1,808,-5.869408396469382,16.15092696240287,101,100.42963131231245,1.9018882502226302
11,8,0,760,16.722637604526803,12.608256610715394,95,96.180396631328,1.3078436365027317
11,8,1,808,0.6529459965429175,12.213579143835716,101,101.01176697625108,1.4107497701497977
11,9,0,824,-8.117910871080962,10.43785279135762,103,101.98547271880486,1.958239795346169
11,9,1,840,-1.9363318895986101,10.733370331166075,105,104.74347284242344,1.70810827338704
11,10,0,824,7.914749630045565,10.626576242737828,103,103.76612241352578,1.36728506015715
11,10,1,760,21.02952582047038,12.388978086742483,95,96.35916925675154,1.3350114660965577
11,11,0,856,1.1590758960149186,10.959207365710583,107,107.18618415616996,1.8507259631780626
11,11,1,760,17.601193747150088,12.185512586590635,95,96.07277934756337,1.387149861423062
12,0,0,760,-9.660348270908518,10.55596865395202,95,94.37292049300463,1.2463137838647906
12,0,1,824,-3.830235505024847,11.962129463806455,103,102.91798349372593,1.615437499285266
12,1,0,760,25.3366059240449,12.82023085192137,95,95.89990272494083,1.4558988199562486
12,1,1,760,-1.123274608434453,12.072528418990931,95,94.70780256265493,1.3107411373455873
12,2,0,792,5.710004694749807,12.952078447230532,99,99.79627367002196,1.4072905103717037
12,2,1,728,3.1403181455128557,12.88119959410982,91,91.26097028959752,1.6106883981230888
12,3,0,856,-4.677656576331748,14.122676354802032,107,106.34728719810505,2.602596502308757
12,3,1,760,-8.02801028846698,13.096576315327844,95,94.37727743485227,1.2224019315524357
12,4,0,760,6.644639419784149,16.658178567121467,95,95.05528996351002,1.3395189697483016
12,4,1,760,23.51033452850743,16.614198806558615,95,95.71189365817409,1.4833473786538232
12,5,0,792,5.682034600705422,17.747194256482352,99,99.30322530297853,2.4769222513272715
12,5,1,856,4.438074775042478,15.651915422137298,107,107.43568111954586,2.2201331780066758
12,6,0,760,-14.245328665556647,16.266202579478602,95,94.14752269699129,1.1744528957183216
12,6,1,760,2.541307642500872,15.937046613058953,95,94.91115208246828,1.3097114294567713
12,7,0,760,-14.473535217120299,14.374178295547758,95,93.47218498505772,1.6940134574465997
12,7,1,760,-12.308325322802734,15.147142412306417,95,94.27447725300138,1.198787328451879
12,8,0,856,5.40166526584391,13.048653072686246,107,107.37080413546092,1.6165799175928632
12,8,1,728,3.27857544449348,13.680404667865712,91,91.2712430272826,1.5750271380297074
12,9,0,728,-6.820445031945362,12.630923483783697,91,90.75151841253536,1.534823036886203
12,9,1,808,-5.831594865566431,12.892737552615626,101,100.59406400259088,1.6549369011671937
12,10,0,824,10.615175528590465,11.392634857290385,103,103.71495383642619,1.5732832768761793
12,10,1,888,-14.621421496957977,11.005969662842377,111,109.64483526595328,1.8945658856089613
12,11,0,728,7.032720230074144,10.872771832086325,91,91.53270213226062,1.5831375178068592
12,11,1,760,-9.701740672468908,9.65783710686791,95,94.38071203981461,1.1661989373527006
13,0,0,728,-2.661197159996251,11.17791113989671,91,90.94677197576577,1.5532588485357521
13,0,1,808,-4.194596431207602,11.761468678205448,101,100.70551330495368,1.6261736187546667
13,1,0,760,9.422472863261905,11.927905712410055,95,95.32266551826673,1.3713956517095487
13,1,1,760,-11.774298359304542,11.042989602153787,95,94.14860399286721,1.109479555790282
13,2,0,760,20.451991787948753,13.799824601790068,95,95.68995254025879,1.4381200721614593
13,2,1,760,6.888872643980652,13.313524282302216,95,95.13468498712774,1.3384301110870611
13,3,0,856,8.40800567229599,13.353780852102927,107,107.51342539992426,1.605295965134727
13,3,1,792,11.949660644421098,13.637358118897174,99,99.92641475408448,1.3989244269138432
13,4,0,760,14.602971391272744,15.409239829187909,95,95.4384201237952,1.5550724447581814
13,4,1,808,-0.8787213528146555,13.970560811765845,101,100.9417792028689,1.6758747811849237
13,5,0,824,5.148687518223441,13.59470386953838,103,103.47097478310523,2.155054662029683
13,5,1,824,-4.9668153448493255,13.641958195807554,103,102.67122232517929,2.172071598059433
13,6,0,760,12.263537093324327,13.04155396696653,95,95.35658175252208,1.5033928412118907
13,6,1,760,-4.074098568262567,11.576327855386362,95,94.66374101517027,1.417498299196249
13,7,0,840,-6.71214245741557,12.274945831844263,105,104.48979902944689,2.342768195596963
13,7,1,840,-5.043605656474198,12.08362581687305,105,104.48681672338593,2.8051498554838608
13,8,0,808,-4.239819086386251,10.899005932447645,101,100.8254622008958,1.6864306396177495
13,8,1,856,-7.874204733906226,9.959471591915207,107,106.73719436199347,1.5787593307951495
13,9,0,760,14.07512272819123,10.28397225768935,95,95.50550942254114,1.4421779244123385
13,9,1,824,1.2894126876582392,9.6527073896686,103,103.23076689139744,1.6412052963900619
13,10,0,712,1.0966778539241457,10.533345106307522,89,89.02270557301556,1.6785837441401128
13,10,1,760,-8.4819954350492,10.005930331458764,95,94.48555270493387,1.3542526950572111
13,11,0,760,-19.39000218611091,9.971807187874212,95,94.04076546959118,1.3009033048644882
13,11,1,872,-10.15016505257635,9.257443322045184,109,108.5724848125135,1.6542364846471749
14,0,0,760,-8.224547189197123,9.643194439155089,95,94.54175462494462,1.32580246472549
14,0,1,872,-4.575848666674495,9.987023981095954,109,108.86546938516852,1.6683316621975017
14,1,0,760,20.58906274410835,11.229219941322778,95,95.73501912743758,1.5478111522211604
14,1,1,808,3.795090881778579,10.549259457630372,101,101.25533447156971,1.6536230858621292
14,2,0,760,-0.4519325944301199,10.96551895720216,95,94.84808219560767,1.3297215731532834
14,2,1,728,4.284713990688353,10.312197647259445,91,91.47636220129552,1.6183336028316506
14,3,0,792,-5.993031821979191,11.524734009413052,99,99.30210409497292,1.4122044677299768
14,3,1,760,-5.695748208906104,10.51894496768214,95,94.66233575154146,1.391469820415574
14,4,0,840,-4.996589628161773,15.303684233854913,105,104.58085519952286,2.1670143470741707
14,4,1,808,4.145713239675236,13.195432597853909,101,101.26494103176326,1.6287970783990926
14,5,0,728,-0.7363032167407239,13.691905592340945,91,91.0971839278911,2.279808839601558
14,5,1,824,-4.692460769569642,13.339819892350985,103,102.90120570931765,1.5687884006016677
14,6,0,760,-4.773803704884355,14.653378396520962,95,94.66997547643116,1.3913738635599984
14,6,1,840,-2.965984805035722,15.172180946456422,105,104.77154046203523,2.1928399458923487
14,7,0,808,3.163311851219528,12.496180290591388,101,101.1587406564854,1.6143886250332826
14,7,1,856,-5.96018817764804,11.609647425772426,107,106.85489253166149,1.6418572259291468
14,8,0,808,-5.227798738341734,12.709990002563407,101,100.48035899206076,1.7265622507796716
14,8,1,824,-1.133592118131437,11.110320346976506,103,102.91611302004713,1.4062054250935492
14,9,0,744,-3.551424257555223,11.2968966444231,93,92.69067729902876,1.5672674729282265
14,9,1,728,-2.3214905606543343,10.208193810839424,91,90.81743523352058,1.4610784809968662
14,10,0,824,5.414552504876569,10.393847523096406,103,103.49640984102828,1.485455462965258
14,10,1,760,-4.665262128141059,8.263142389391337,95,94.51518638822952,1.0791357828610133
14,11,0,856,-2.947609741869622,9.82135797036454,107,106.74002244219132,1.4759929604539432
14,11,1,728,4.978806563956574,9.000575239881632,91,91.48223820170404,1.4308328910537067
15,0,0,744,2.229699382582132,8.739399460180229,93,93.30695848833211,1.4583561188552443
15,0,1,760,27.79806017674206,31.459074277461507,95,95.26599062600411,1.4882067925975757
15,1,0,824,0.8420404846688813,10.396643951225021,103,103.08621201990937,1.4699000029553704
15,1,1,744,-2.5011621445600283,9.178768084449748,93,92.79254093747909,1.4789060061471095
15,2,0,760,-8.449912865447189,9.875615638836708,95,94.01385907159029,1.5029178808545407
15,2,1,840,1.415754230110711,12.453067229423485,105,105.07623068769755,1.8992960979334699
15,3,0,728,-3.547388245006417,11.865078018890753,91,90.79486094956117,1.4680890558861928
15,3,1,856,0.04082791003669997,11.714268490589948,107,106.99636447879004,1.8561075998858672
15,4,0,856,-5.0339347680338316,13.440708922187351,107,106.3513082792397,1.889342748954567
15,4,1,728,7.985104218874377,13.21814873109813,91,91.64870148656813,1.439494691461045
15,5,0,760,9.492800399154914,13.287105127037345,95,95.51417256090913,1.2511795757094635
15,5,1,808,-1.3589531766319596,14.800988071232629,101,100.84137291863023,1.7901697105376986
15,6,0,744,1.9659251621533125,12.123989427634914,93,93.18499400806593,1.5070648117039713
15,6,1,824,15.118826364991572,13.852168071820648,103,104.00812540902662,1.4497098849798964
15,7,0,744,-1.0655585406884778,10.351668943078927,93,92.96122790275165,1.5224676473607315
15,7,1,856,-3.025113925957543,11.52247667679256,107,106.67271898670012,1.9248042746247973
15,8,0,760,-5.503840704896375,10.613353543078398,95,94.47881815002175,1.1108631036935086
15,8,1,792,-0.9195095120230536,13.444646025583554,99,99.37929115340549,1.3516875230715215
15,9,0,728,-8.232554847006496,9.210099683306279,91,90.34440751722519,1.274444263605157
15,9,1,760,-2.5015455038814562,9.431002644300134,95,94.6881953724726,1.0669537410052796
15,10,0,760,-10.438908021446656,9.244415609412593,95,94.16281765166043,1.046883743645321
15,10,1,728,8.951452563622755,10.268384295102138,91,91.82674103092252,1.4355651642013474
15,11,0,840,0.4247762896075032,11.118139162985676,105,104.93314177948922,1.5594386339846296
15,11,1,728,-0.37306685285390123,9.929075396786562,91,91.02731675862624,1.4333911844572198
16,0,0,760,-2.7087064647573236,8.113144251175607,95,94.69118185200671,1.1084479957807145
16,0,1,712,7.356769632254637,9.977651619346647,89,89.88391052649608,1.6896096626938897
16,1,0,760,-2.824957395335534,8.409035199541355,95,94.66649690842115,1.0640031874414324
16,1,1,808,-3.4967553169301544,10.401802274584526,101,100.60737252977309,1.602573293324985
16,2,0,824,0.6015021589734233,10.90385560030489,103,103.04576441672008,1.4113125454932458
16,2,1,760,19.42379344950278,11.457469173171852,95,96.43521750096947,1.3715421404803336
16,3,0,784,-2.979027824842803,12.295765013273279,98,97.55954875883208,1.8452798567733393
16,3,1,744,-5.189964787627339,12.254265957710139,93,92.32356683064812,1.6045998514606774
16,4,0,760,18.65295884094273,14.805794822554391,95,96.26533698064728,1.3865998841137939
16,4,1,792,-6.22567670321705,16.011548595346763,99,98.71685364866467,1.249436740045424
16,5,0,792,-5.653407216340241,14.637735916161144,99,98.80366408690459,1.3246582690781774
16,5,1,824,-3.751361243193784,13.147136160531751,103,102.58569230674426,1.3513455536728822
16,6,0,760,2.047614360935556,13.280765229850077,95,95.0368833706799,1.129297278683576
16,6,1,760,13.248716325525779,13.615292623536073,95,95.93696224509914,1.3415532942358839
16,7,0,792,-0.4541933561745866,13.935361043564713,99,98.84388365876578,2.008353754155054
16,7,1,760,13.099933977163866,12.74694150649575,95,95.94385915024762,1.358859987689186
16,8,0,840,2.9634307302955816,10.028558666023873,105,105.36694332702228,1.8650859150542833
16,8,1,760,6.905973384352712,8.81797824274481,95,95.54012899434562,1.2318837841956285
16,9,0,728,6.183388167662395,13.068986550166219,91,91.08910875845119,1.644145065048378
16,9,1,760,-0.3952769087379563,8.524913833638873,95,94.90440280120828,1.0454237237501136
16,10,0,792,-9.459953680513404,10.992945243730478,99,97.82417587306955,2.0771990071794417
16,10,1,792,-2.7142006882896474,11.085579026012159,99,98.6725355636195,1.9880163240177255
16,11,0,824,-1.1249934370570014,8.395456232035883,103,102.91587292332808,1.3139732096018775
16,11,1,760,2.5360851808634775,8.366381583469172,95,95.16702580543438,1.1440985405911128
17,0,0,712,2.4873719616529546,8.653357606348857,89,89.23496544546083,1.4045186425107765
17,0,1,808,0.3797817730064226,9.350319300572055,101,101.04676030521502,1.4005475847124598
17,1,0,728,5.635733766195014,9.461793191825823,91,91.59279121547395,1.4097028165050813
17,1,1,792,-10.652696218848467,10.309752859372649,99,98.49546217647647,1.2107907266801763
17,2,0,760,2.698030501724222,10.027865832927084,95,95.18433595342772,1.1288890239419236
17,2,1,760,-8.538983668265436,10.209721548440562,95,93.9593806713387,1.3442497595578073
17,3,0,728,-3.6229461919945596,12.268375118970694,91,90.53339715695283,1.6744191944906057
17,3,1,760,-4.4383681168160445,10.517389083937255,95,94.50067931801462,1.058749964444082
17,4,0,808,2.6563178271836687,12.086454086552612,101,101.2774669174167,2.1135570262515495
17,4,1,808,-2.110357619389745,12.085823246767806,101,100.8331530557058,1.7064805754568424
17,5,0,760,5.939257922460532,15.001093717378158,95,95.25491516665802,1.2689541463054748
17,5,1,824,1.3651737695332036,14.169205055421473,103,103.08737002269173,1.414563675227854
17,6,0,760,17.61577652117408,14.898798528369905,95,95.922749491883,1.4472980639680768
17,6,1,824,-4.5094193637525475,14.559839709976602,103,102.3716562192858,2.168175679000962
17,7,0,728,7.487329057696147,12.329129663903341,91,91.66103912414536,1.4907195798422168
17,7,1,808,-5.410896120821356,13.141840566940628,101,100.51594462232364,1.7052259342835971
17,8,0,760,-7.439731716631659,9.571916346879737,95,94.3433695206061,1.0651685410029936
17,8,1,792,6.340006922232301,11.379654714601186,99,99.82266201183774,1.324596380323613
17,9,0,824,2.534366032866478,8.886286265851288,103,103.33019091695154,1.6828454402140212
17,9,1,840,3.060657302443968,10.019893875361104,105,105.22113017914695,1.474245590528075
17,10,0,760,-5.602161915674766,9.518117167148633,95,94.51321328295579,1.1225439225247575
17,10,1,856,3.9892251207277574,10.814823853728818,107,107.40460939129744,1.5112742547281275
17,11,0,824,-7.052282336246954,10.263302603074923,103,102.51633534799666,1.4112686578989653
17,11,1,728,-0.5143913971490552,10.703334118688222,91,91.01440908219665,1.8850084905243047
18,0,0,808,-1.733900066560015,10.230228129346004,101,100.86506603041786,1.5043904590054187
18,0,1,792,6.286069695323861,11.673102184524325,99,99.8244660746802,1.3667614386321405
18,1,0,808,5.628638956028909,10.36803316527903,101,101.50269888082651,1.4040482564309023
18,1,1,792,-0.7992140985949036,11.875697970553674,99,99.36111834270363,1.3300122346181418
18,2,0,760,5.116471302763437,10.045756667666987,95,95.24597504215498,1.1715013435601427
18,2,1,840,0.928597456546296,10.59349012668961,105,105.03527241526524,1.5023971401377296
18,3,0,712,1.3123875892236059,12.145252331828528,89,88.9989608599253,1.5625871477109192
18,3,1,792,-4.232788322996931,12.98178881091411,99,99.10812945478669,1.2783217374397606
18,4,0,760,-4.796803717661727,13.507272091357217,95,94.51147927045825,1.0887208446463392
18,4,1,728,-8.518076639854991,28.929892522992258,91,90.98838158066775,1.6471903227413338
18,5,0,808,5.454731514903434,15.005218433720323,101,101.36457767102796,1.481145264472634
18,5,1,760,0.7179856970814315,14.532599930393955,95,94.90357630096662,1.139757597180155
18,6,0,760,-10.108518921193841,13.648817759756716,95,94.16907329713588,1.0338601655202495
18,6,1,856,-3.355847395862533,13.57227573359377,107,106.70447495282977,1.3312387009919175
18,7,0,760,13.168175963026016,12.20512178691817,95,95.74455131735802,1.3588109943303759
18,7,1,792,4.009863120085429,13.109685890461117,99,99.66891609872316,1.3645612497499853
18,8,0,744,2.811089646845759,11.238106078970329,93,93.30796512038356,1.682428302842417
18,8,1,728,4.776926513559854,10.660334827868253,91,91.47058419332882,1.4133933689526363
18,9,0,760,19.560315905109707,11.005517128665232,95,96.41170934130531,1.3981257629302948
18,9,1,728,0.05702460199167463,9.042829477783172,91,91.0252262332227,1.3883922348774884
18,10,0,808,4.887918391867458,8.675502491688265,101,101.48687752617558,1.3150408215755927
18,10,1,824,3.7676704615728935,8.869340002046986,103,103.40343340316272,1.3734860170614063
18,11,0,840,3.9144876613825788,8.987245129432024,105,105.33093304493167,1.3616311219636645
18,11,1,808,7.227955294872917,8.26606117420576,101,101.71130023072979,1.2799555250263839
19,0,0,760,-0.7927850333679024,7.770226096017215,95,94.86624423645048,1.0871452689791743
19,0,1,760,-8.278376367332829,7.7159618796027045,95,94.17242867391161,1.0333943393666827
19,1,0,728,-2.284353295376636,8.339775150187824,91,90.72853019203521,1.4423488465122443
19,1,1,744,-1.5311393521774896,9.079600481728875,93,92.8064663826657,1.4784100895574057
19,2,0,744,3.331183928506557,5.189509667139285,93,93.44911581384694,1.2468221634626648
19,2,1,760,5.11177837224679,10.533574552363673,95,95.35848096566377,1.2299829069488772
19,3,0,760,19.116032339500848,12.936349375323319,95,96.37961424504735,1.3554811502994077
19,3,1,744,-3.5511455060914874,12.245761854579598,93,92.56703447563481,1.4155124349391277
19,4,0,760,16.457060598149276,13.867373238037183,95,96.16513260008156,1.3420372118668544
19,4,1,808,0.6385158651893962,13.84119582491719,101,100.93995801745226,1.4132541975160653
19,5,0,808,4.593652429364628,10.696500465306848,101,101.51619188806852,1.763181774443286
19,5,1,792,-6.558569022144621,13.542916280916396,99,98.11648569581125,1.9581829891528206
19,6,0,792,-6.048643501780145,14.950604292246513,99,98.16021730775333,1.9358555791083392
19,6,1,792,-9.61470908814967,14.991542780029084,99,97.71273901349046,2.0062120401315786
19,7,0,760,-2.55020042707826,11.23911575934804,95,94.67158991233588,1.1463205359749098
19,7,1,744,1.4494058583676248,11.614080474195442,93,93.1474282005782,1.4650135081668478
19,8,0,792,5.361630245981389,9.901412647127827,99,99.61343426755651,1.3161300544916807
19,8,1,808,0.20216873653491524,10.536790647523354,101,101.03283060447848,1.5927525496782724
19,9,0,760,1.881133342760181,8.508675503892585,95,95.11338055750156,1.150940120548708
19,9,1,824,-7.199062100494283,9.375245802661961,103,102.1021129235224,1.7394067323881688
19,10,0,728,-4.817719875801821,9.13848013543521,91,90.59048494983277,1.3089825605169454
19,10,1,824,-1.7878598284401148,9.243012319514694,103,102.86175376234773,1.341917704165973
19,11,0,792,-3.005107323599558,11.286028411148356,99,99.14219737700898,1.3499340779541518
19,11,1,760,5.906942246835443,9.002523133307962,95,95.40575325247711,1.193206902333747
